case_id,zone_mechanical_state,structural_trajectory,trajectory_confidence,coh_label,pred_label,b12v2_outcome,correct,visit_count,breakdown_visit_count,damage_visit_count,growth_visit_count,health_last_visit,health_slope,omega_total,omega_max,visit_N_result,visit_N_omega,visit_N_health
CASE_00028,EXHAUSTED_ZONE,DEGRADING,MEDIUM,MODERATE,FAIL,FAIL,True,2,0,1,0,20.337716,1.016185,14981.562629,7594.685798,BREAKDOWN,9052.439772,18.700193
CASE_00041,ELASTIC_ZONE,STRENGTHENING,HIGH,STRONG,HOLD,HOLD,True,3,0,0,3,64.692308,4.620909,7020.709268,2936.764322,GROWTH,4465.635994,79.0
CASE_00053,RECOVERED_ZONE,STRENGTHENING,HIGH,STRONG,HOLD,HOLD,True,4,0,0,4,110.349148,5.417043,16094.659261,4845.855138,GROWTH,3379.084017,116.0
CASE_00056,EXHAUSTED_ZONE,TERMINAL,HIGH,STRONG,FAIL,FAIL,True,5,1,3,0,16.839682,-1.20936,26297.109857,6396.048244,BREAKDOWN,6857.499194,13.051945
CASE_00058,EXHAUSTED_ZONE,TERMINAL,HIGH,STRONG,FAIL,FAIL,True,3,2,1,0,15.386928,-2.143202,19444.451848,7099.089913,BREAKDOWN,7012.596608,19.858535
CASE_00071,FATIGUE_ZONE,STRENGTHENING,HIGH,STRONG,HOLD,HOLD,True,4,0,0,4,70.378953,4.968655,6888.479676,1777.665391,GROWTH,1859.088315,79.0
CASE_00072,FATIGUE_ZONE,STRENGTHENING,HIGH,STRONG,HOLD,HOLD,True,3,0,0,3,65.558182,5.043797,4253.308043,1847.982661,GROWTH,2018.686991,79.0
CASE_00079,EXHAUSTED_ZONE,TERMINAL,MEDIUM,MODERATE,FAIL,FAIL,True,2,2,0,0,16.963982,-1.315088,5083.181989,3411.385402,BREAKDOWN,3043.669289,16.641575
CASE_00105,FATIGUE_ZONE,STRENGTHENING,HIGH,STRONG,HOLD,HOLD,True,3,0,0,3,64.742574,3.064343,4001.940817,1572.429872,GROWTH,1757.755686,78.176341
CASE_00106,EXHAUSTED_ZONE,TERMINAL,HIGH,STRONG,FAIL,FAIL,True,4,1,2,0,12.345569,-2.572496,9922.492638,3114.183877,BREAKDOWN,2782.893403,13.902218
CASE_00107,EXHAUSTED_ZONE,TERMINAL,HIGH,STRONG,FAIL,FAIL,True,4,1,1,0,12.471044,-2.478926,9114.915141,2975.521093,BREAKDOWN,2788.502914,15.923153
CASE_00130,EXHAUSTED_ZONE,DEGRADING,HIGH,STRONG,FAIL,FAIL,True,3,0,3,0,15.190953,-2.032621,14203.695217,4814.583841,BREAKDOWN,4768.285789,20.158679
CASE_00159,EXHAUSTED_ZONE,DEGRADING,HIGH,STRONG,FAIL,FAIL,True,7,0,5,0,16.376834,-0.61289,20607.990783,4298.599261,BREAKDOWN,2914.390569,16.71706
CASE_00170,FATIGUE_ZONE,STRENGTHENING,HIGH,STRONG,HOLD,HOLD,True,5,0,0,5,72.271028,3.245033,6091.853126,1392.677165,GROWTH,1097.052897,77.993296
CASE_00181,FATIGUE_ZONE,STRENGTHENING,HIGH,STRONG,HOLD,HOLD,True,7,0,0,7,77.368932,3.567301,20305.943914,4085.328574,GROWTH,4124.572297,78.322085
CASE_00183,EXHAUSTED_ZONE,DEGRADING,HIGH,STRONG,FAIL,FAIL,True,5,0,4,0,11.30133,-2.329867,14325.98701,3571.202645,BREAKDOWN,3068.626811,14.448209
CASE_00185,EXHAUSTED_ZONE,DEGRADING,HIGH,STRONG,FAIL,FAIL,True,5,0,4,0,16.442452,-0.938258,17866.242575,3833.70361,BREAKDOWN,2678.560063,16.169777
CASE_00198,EXHAUSTED_ZONE,DEGRADING,MEDIUM,MODERATE,FAIL,FAIL,True,2,0,2,0,17.977223,-1.86523,9934.262994,5001.004054,BREAKDOWN,5325.103812,18.40512
CASE_00205,FATIGUE_ZONE,STRENGTHENING,HIGH,STRONG,HOLD,HOLD,True,3,0,0,3,74.106796,8.621359,6046.565674,3107.043263,GROWTH,1688.683414,79.0
CASE_00207,FATIGUE_ZONE,STRENGTHENING,HIGH,STRONG,HOLD,HOLD,True,3,0,0,3,63.705882,3.882353,4407.215078,2034.315502,GROWTH,2383.855161,79.0
CASE_00210,EXHAUSTED_ZONE,DEGRADING,MEDIUM,MODERATE,FAIL,FAIL,True,2,0,2,0,19.533563,-0.668085,3483.965312,1850.411103,BREAKDOWN,4491.1086,17.967715
CASE_00226,FATIGUE_ZONE,STRENGTHENING,HIGH,STRONG,HOLD,HOLD,True,3,0,0,3,69.258182,4.784108,5856.722575,2117.291565,GROWTH,2071.984151,75.584812
CASE_00229,RECOVERED_ZONE,STRENGTHENING,HIGH,STRONG,HOLD,HOLD,True,5,0,0,5,104.529412,4.117647,20884.448501,5463.593115,GROWTH,5451.670347,109.0
CASE_00230,FATIGUE_ZONE,STRENGTHENING,HIGH,STRONG,HOLD,HOLD,True,5,0,0,5,74.009901,4.158416,12460.93298,3200.124301,GROWTH,3125.228013,79.0
CASE_00244,FATIGUE_ZONE,STRENGTHENING,HIGH,STRONG,HOLD,HOLD,True,4,0,0,4,65.977557,2.122478,6138.799698,2005.235582,GROWTH,2142.855183,79.0
CASE_00246,EXHAUSTED_ZONE,DEGRADING,HIGH,STRONG,FAIL,FAIL,True,4,0,3,0,17.778573,-0.80634,10254.3054,4219.824282,BREAKDOWN,5461.557489,19.300612
CASE_00260,EXHAUSTED_ZONE,DEGRADING,HIGH,STRONG,FAIL,FAIL,True,4,0,2,0,18.798485,-0.853331,11019.60487,4671.337102,BREAKDOWN,5153.326512,2.8
CASE_00261,FATIGUE_ZONE,STRENGTHENING,HIGH,STRONG,HOLD,HOLD,True,3,0,0,3,67.0,4.235294,5527.702578,2459.581388,GROWTH,2782.87562,78.856279
CASE_00271,RECOVERED_ZONE,STRENGTHENING,MEDIUM,MODERATE,HOLD,HOLD,True,2,0,0,2,103.695232,7.38754,25321.378363,13732.292308,GROWTH,13517.501571,109.0
CASE_00276,EXHAUSTED_ZONE,TERMINAL,HIGH,STRONG,FAIL,FAIL,True,5,1,3,0,17.148415,-0.828991,13193.246586,2934.23473,BREAKDOWN,1925.863646,15.613174
CASE_00288,FATIGUE_ZONE,STRENGTHENING,HIGH,STRONG,HOLD,HOLD,True,3,0,0,3,72.108911,4.339439,7015.172303,2782.022097,GROWTH,2437.074257,78.908911
CASE_00301,FATIGUE_ZONE,STRENGTHENING,MEDIUM,MODERATE,HOLD,HOLD,True,2,0,0,2,73.083713,5.160636,5551.280026,2821.258412,GROWTH,2711.287844,79.0
CASE_00305,FATIGUE_ZONE,STRENGTHENING,HIGH,STRONG,HOLD,HOLD,True,3,0,0,3,61.279776,2.667447,6347.412674,2839.856185,GROWTH,3073.045121,79.0
CASE_00318,RECOVERED_ZONE,STRENGTHENING,HIGH,STRONG,HOLD,HOLD,True,3,0,0,3,102.346535,4.32045,18303.463144,6808.494797,GROWTH,7316.283087,109.0
CASE_00319,FATIGUE_ZONE,STRENGTHENING,HIGH,STRONG,HOLD,HOLD,True,5,0,0,5,70.542857,3.403764,11062.803792,2606.858095,GROWTH,2670.62695,79.0
CASE_00344,FATIGUE_ZONE,STRENGTHENING,HIGH,STRONG,HOLD,HOLD,True,4,0,0,4,73.534653,4.490474,7449.867681,1975.099046,GROWTH,1745.696493,79.0
CASE_00362,FATIGUE_ZONE,STRENGTHENING,HIGH,STRONG,HOLD,HOLD,True,5,0,0,5,66.899814,2.733451,8419.510276,2401.410564,GROWTH,2374.707967,79.0
CASE_00386,FATIGUE_ZONE,STRENGTHENING,HIGH,STRONG,HOLD,HOLD,True,4,0,0,4,71.914286,5.191768,10625.244388,3461.646137,GROWTH,3751.650796,74.598113
CASE_00388,FATIGUE_ZONE,STRENGTHENING,HIGH,STRONG,HOLD,HOLD,True,5,0,0,5,69.117647,3.319914,8119.382475,1994.498976,GROWTH,2270.567617,79.0
CASE_00395,EXHAUSTED_ZONE,TERMINAL,MEDIUM,MODERATE,FAIL,FAIL,True,2,1,1,0,16.296048,-3.581951,6337.115556,3212.240881,BREAKDOWN,2943.254529,19.814666
CASE_00404,FATIGUE_ZONE,STRENGTHENING,HIGH,STRONG,HOLD,HOLD,True,6,0,0,6,74.325568,3.649786,9648.173265,1916.072903,GROWTH,842.345947,79.0
CASE_00405,RECOVERED_ZONE,STRENGTHENING,HIGH,STRONG,HOLD,HOLD,True,6,0,0,6,112.866973,3.799614,24293.797307,4250.022725,GROWTH,2059.304135,116.0
CASE_00430,FATIGUE_ZONE,STRENGTHENING,HIGH,STRONG,HOLD,HOLD,True,3,0,0,3,66.307692,4.384615,7221.615975,3368.194419,GROWTH,3517.719668,79.0
CASE_00436,EXHAUSTED_ZONE,DEGRADING,MEDIUM,MODERATE,FAIL,FAIL,True,2,0,2,0,18.932047,-0.782164,8524.393415,4982.61865,BREAKDOWN,5575.740965,16.731852
CASE_00441,RECOVERED_ZONE,STRENGTHENING,MEDIUM,MODERATE,HOLD,HOLD,True,2,0,0,2,97.465347,3.236,7150.273656,3744.293665,GROWTH,3773.682273,116.0
CASE_00447,EXHAUSTED_ZONE,DEGRADING,HIGH,STRONG,FAIL,FAIL,True,6,0,5,0,17.106215,-0.655375,13802.256128,3104.804011,BREAKDOWN,1468.544788,17.61698
CASE_00448,FATIGUE_ZONE,STRENGTHENING,HIGH,STRONG,HOLD,HOLD,True,7,0,0,7,70.145631,2.13285,9947.22051,2392.444249,GROWTH,2748.063994,79.0
CASE_00455,EXHAUSTED_ZONE,TERMINAL,HIGH,STRONG,FAIL,FAIL,True,3,3,0,0,13.538686,-1.728555,18714.399417,6411.387884,BREAKDOWN,6841.447041,12.141167
CASE_00475,EXHAUSTED_ZONE,TERMINAL,HIGH,STRONG,FAIL,FAIL,True,5,1,4,0,13.670056,-1.791926,20129.410566,5256.361071,BREAKDOWN,5350.846063,11.638473
CASE_00476,FATIGUE_ZONE,STRENGTHENING,MEDIUM,MODERATE,HOLD,HOLD,True,2,0,0,2,68.544554,9.029703,5799.973907,3110.102777,GROWTH,3479.391421,79.0
CASE_00478,FATIGUE_ZONE,STRENGTHENING,MEDIUM,MODERATE,HOLD,HOLD,True,2,0,0,2,63.447542,5.415281,5676.71021,3249.657018,GROWTH,3689.274138,79.0
CASE_00496,ELASTIC_ZONE,STRENGTHENING,HIGH,STRONG,HOLD,HOLD,True,4,0,0,4,75.338296,5.418136,13199.04087,3791.701956,GROWTH,2720.027365,77.867394
CASE_00502,FATIGUE_ZONE,STRENGTHENING,MEDIUM,MODERATE,HOLD,HOLD,True,2,0,0,2,61.132401,3.812881,4525.942961,2275.173539,GROWTH,2603.753363,77.415407
CASE_00505,EXHAUSTED_ZONE,DEGRADING,MEDIUM,MODERATE,FAIL,FAIL,True,2,0,1,0,19.901999,-0.813855,7667.868402,4052.238954,BREAKDOWN,4568.136074,14.03187
CASE_00510,FATIGUE_ZONE,STRENGTHENING,HIGH,STRONG,HOLD,HOLD,True,3,0,0,3,69.823529,3.647058,12512.0747,4922.590339,GROWTH,4813.708169,79.0
CASE_00512,EXHAUSTED_ZONE,DEGRADING,MEDIUM,MODERATE,FAIL,FAIL,True,2,0,2,0,18.483879,-1.485313,9066.428648,4693.60306,BREAKDOWN,5728.946746,13.339501
CASE_00515,RECOVERED_ZONE,STRENGTHENING,MEDIUM,MODERATE,HOLD,HOLD,True,2,0,0,2,107.314286,1.828572,10054.610535,6224.916644,GROWTH,5737.54994,116.0
CASE_00525,FATIGUE_ZONE,STRENGTHENING,HIGH,STRONG,HOLD,HOLD,True,3,0,0,3,67.307692,5.128205,9155.408293,3724.234498,GROWTH,3729.329178,78.589744
CASE_00541,EXHAUSTED_ZONE,TERMINAL,HIGH,STRONG,FAIL,FAIL,True,4,1,2,0,18.368978,-0.074038,23767.960612,7827.978696,BREAKDOWN,1805.008273,17.269252
CASE_00551,EXHAUSTED_ZONE,TERMINAL,HIGH,STRONG,FAIL,FAIL,True,4,3,1,0,18.573865,-0.622619,12440.983064,3798.102294,BREAKDOWN,610.595649,19.737262
CASE_00554,EXHAUSTED_ZONE,TERMINAL,HIGH,STRONG,FAIL,FAIL,True,6,3,3,0,19.250579,-0.271673,23069.75173,5261.419654,BREAKDOWN,2597.057061,18.407566
CASE_00559,EXHAUSTED_ZONE,TERMINAL,HIGH,STRONG,FAIL,FAIL,True,3,2,1,0,14.537976,-2.357225,11974.907436,4161.09944,BREAKDOWN,4296.294316,18.251827
CASE_00573,RECOVERED_ZONE,STRENGTHENING,HIGH,STRONG,HOLD,HOLD,True,5,0,0,5,107.117647,4.852876,21433.274101,5277.517766,GROWTH,6667.22181,107.636741
CASE_00601,FATIGUE_ZONE,STRENGTHENING,HIGH,STRONG,HOLD,HOLD,True,4,0,0,4,73.823529,4.941176,5772.743588,1994.478182,GROWTH,1167.095286,79.0
CASE_00605,FATIGUE_ZONE,STRENGTHENING,HIGH,STRONG,HOLD,HOLD,True,4,0,0,4,68.411765,3.223529,9706.267745,3019.825402,GROWTH,3030.102585,78.558412
CASE_00606,FATIGUE_ZONE,STRENGTHENING,HIGH,STRONG,HOLD,HOLD,True,4,0,0,4,72.108911,5.461673,9884.418291,3196.597653,GROWTH,2602.036607,79.0
CASE_00607,RECOVERED_ZONE,STRENGTHENING,HIGH,STRONG,HOLD,HOLD,True,5,0,0,5,106.692308,4.073688,24040.144962,5632.644326,GROWTH,1749.218199,109.0
CASE_00608,ELASTIC_ZONE,STRENGTHENING,HIGH,STRONG,HOLD,HOLD,True,5,0,0,5,77.09901,4.134654,13772.651222,3184.799046,GROWTH,3503.598506,79.0
CASE_00616,EXHAUSTED_ZONE,DEGRADING,HIGH,STRONG,FAIL,FAIL,True,6,0,4,0,18.127194,-0.524487,19292.097892,3497.786804,BREAKDOWN,4205.477171,14.815381
CASE_00619,ELASTIC_ZONE,STRENGTHENING,HIGH,STRONG,HOLD,HOLD,True,5,0,0,5,73.823529,3.529412,13372.388283,3918.509173,GROWTH,4096.065512,77.805676
CASE_00635,EXHAUSTED_ZONE,DEGRADING,MEDIUM,MODERATE,FAIL,HOLD,False,4,0,2,0,29.260783,1.657425,16231.742813,5578.114678,RECLAIM,620.236677,30.555029
CASE_00648,FATIGUE_ZONE,STRENGTHENING,HIGH,STRONG,HOLD,HOLD,True,4,0,0,4,69.943396,3.730417,12715.918491,3636.377602,GROWTH,2211.826672,79.0
CASE_00652,RECOVERED_ZONE,STRENGTHENING,HIGH,STRONG,HOLD,HOLD,True,3,0,0,3,105.087238,9.602477,24968.30599,9807.504368,GROWTH,9513.339896,108.452001
CASE_00654,EXHAUSTED_ZONE,TERMINAL,HIGH,STRONG,FAIL,FAIL,True,3,1,2,0,11.331379,-3.670524,11656.860819,3915.254132,BREAKDOWN,3102.452459,12.764052
CASE_00656,FATIGUE_ZONE,STRENGTHENING,MEDIUM,MODERATE,HOLD,HOLD,True,2,0,0,2,62.883505,7.883505,5308.185276,2929.50571,GROWTH,3373.953303,79.0
CASE_00660,FATIGUE_ZONE,STRENGTHENING,MEDIUM,MODERATE,HOLD,HOLD,True,2,0,0,2,66.881188,8.218456,4909.238439,2492.174259,GROWTH,3343.271371,79.0
CASE_00710,ELASTIC_ZONE,STRENGTHENING,HIGH,STRONG,HOLD,HOLD,True,4,0,0,4,74.173804,3.450498,12768.601102,3413.331792,GROWTH,3324.713379,77.133938
CASE_00713,ELASTIC_ZONE,STRENGTHENING,HIGH,STRONG,HOLD,HOLD,True,5,0,0,5,72.176471,3.858824,9751.470205,2505.132316,GROWTH,2407.007784,79.0
CASE_00715,FATIGUE_ZONE,STRENGTHENING,HIGH,STRONG,HOLD,HOLD,True,6,0,0,6,76.623762,4.339993,8934.347812,2117.585823,GROWTH,2314.414054,68.92
CASE_00716,FATIGUE_ZONE,STRENGTHENING,HIGH,STRONG,HOLD,HOLD,True,6,0,0,6,74.106796,3.530944,8744.540817,2128.553103,GROWTH,2326.400648,79.0
CASE_00722,FATIGUE_ZONE,STRENGTHENING,HIGH,STRONG,HOLD,HOLD,True,6,0,0,6,73.579925,2.933293,10774.262367,2171.323849,GROWTH,1858.414075,79.0
CASE_00727,EXHAUSTED_ZONE,TERMINAL,HIGH,STRONG,FAIL,FAIL,True,4,3,1,0,18.512944,-0.153916,10040.346949,4116.887451,BREAKDOWN,3977.601418,15.575903
CASE_00738,FATIGUE_ZONE,STRENGTHENING,MEDIUM,MODERATE,HOLD,HOLD,True,2,0,0,2,72.538462,6.0,4078.40855,2551.360448,GROWTH,2505.959098,79.0
CASE_00740,FATIGUE_ZONE,STRENGTHENING,HIGH,STRONG,HOLD,HOLD,True,3,0,0,3,73.29703,3.639743,11702.509016,4500.522578,GROWTH,3970.511852,79.0
CASE_00741,FATIGUE_ZONE,STRENGTHENING,HIGH,STRONG,HOLD,HOLD,True,4,0,0,4,72.411765,5.421466,12645.854161,4284.553715,GROWTH,3548.946304,79.0
CASE_00762,FATIGUE_ZONE,STRENGTHENING,MEDIUM,MODERATE,HOLD,HOLD,True,2,0,0,2,64.6,6.545455,6164.260198,3600.093007,GROWTH,3452.828562,79.0
CASE_00776,ELASTIC_ZONE,STRENGTHENING,MEDIUM,MODERATE,HOLD,HOLD,True,2,0,0,2,71.523632,11.721879,7788.944184,3947.952132,GROWTH,3867.738564,79.0
CASE_00783,EXHAUSTED_ZONE,DEGRADING,MEDIUM,MODERATE,FAIL,FAIL,True,2,0,2,0,14.16364,-4.289409,7398.834211,3806.230719,BREAKDOWN,4151.50073,11.879303
CASE_00797,EXHAUSTED_ZONE,TERMINAL,HIGH,STRONG,FAIL,FAIL,True,3,2,1,0,15.784374,-1.984314,16618.736534,5869.590646,BREAKDOWN,5637.903704,18.840453
CASE_00820,EXHAUSTED_ZONE,TERMINAL,MEDIUM,MODERATE,FAIL,FAIL,True,2,1,1,0,18.126769,-1.095618,9433.860522,4931.592853,BREAKDOWN,4046.534654,18.976076
CASE_00821,EXHAUSTED_ZONE,TERMINAL,HIGH,STRONG,FAIL,FAIL,True,3,1,2,0,15.472559,-2.44005,26991.416342,10535.806862,BREAKDOWN,10478.643245,17.857155
CASE_00834,EXHAUSTED_ZONE,STABLE,MEDIUM,MODERATE,HOLD,FAIL,False,2,0,2,0,20.21239,-0.110102,6268.726461,3880.995726,BREAKDOWN,4023.09652,17.803256
CASE_00842,EXHAUSTED_ZONE,TERMINAL,MEDIUM,MODERATE,FAIL,FAIL,True,2,1,1,0,14.996828,-5.224708,9112.606447,5218.036912,BREAKDOWN,5576.851487,13.924549
CASE_00843,EXHAUSTED_ZONE,DEGRADING,MEDIUM,MODERATE,FAIL,FAIL,True,2,0,2,0,15.210558,-4.284136,8227.884616,4243.063722,BREAKDOWN,4008.436915,16.327948
CASE_00853,FATIGUE_ZONE,STRENGTHENING,HIGH,STRONG,HOLD,HOLD,True,3,0,0,3,75.705882,6.248096,7676.136005,3064.325346,GROWTH,2831.248651,79.0
CASE_00855,EXHAUSTED_ZONE,DEGRADING,HIGH,STRONG,FAIL,FAIL,True,5,0,4,0,15.774113,-0.871624,24599.877869,5910.918775,BREAKDOWN,5740.550893,14.595453
CASE_00856,EXHAUSTED_ZONE,TERMINAL,HIGH,STRONG,FAIL,FAIL,True,6,1,3,0,19.830822,-0.309958,25070.790549,5839.335827,BREAKDOWN,4135.391885,15.658348
CASE_00860,FATIGUE_ZONE,STRENGTHENING,HIGH,STRONG,HOLD,HOLD,True,5,0,0,5,74.60266,3.953416,10412.299201,2500.917872,GROWTH,1714.541864,75.239079
CASE_00861,EXHAUSTED_ZONE,TERMINAL,HIGH,STRONG,FAIL,FAIL,True,5,1,3,0,14.104001,-0.998606,18492.341491,4410.605669,BREAKDOWN,3070.983249,17.091797
CASE_00870,RECOVERED_ZONE,STRENGTHENING,HIGH,STRONG,HOLD,HOLD,True,3,0,0,3,103.076923,3.321695,14689.508853,5359.844313,GROWTH,5747.067487,116.0
CASE_00874,EXHAUSTED_ZONE,TERMINAL,HIGH,STRONG,FAIL,FAIL,True,4,1,3,0,15.987723,-1.463322,10632.205531,3404.833695,BREAKDOWN,5008.603581,12.42176
CASE_00875,RECOVERED_ZONE,STRENGTHENING,HIGH,STRONG,HOLD,HOLD,True,3,0,0,3,103.640777,7.339806,15560.86983,5257.701415,GROWTH,6901.681398,107.236317
CASE_00887,EXHAUSTED_ZONE,TERMINAL,HIGH,STRONG,FAIL,FAIL,True,4,1,2,0,15.662551,-1.143255,11884.341352,5262.931814,BREAKDOWN,4552.953118,19.614458
CASE_00918,FATIGUE_ZONE,STRENGTHENING,MEDIUM,MODERATE,HOLD,HOLD,True,2,0,0,2,75.930236,2.972511,7260.784536,4337.855191,GROWTH,2596.352658,79.0
CASE_00929,FATIGUE_ZONE,STRENGTHENING,HIGH,STRONG,HOLD,HOLD,True,3,0,0,3,67.655938,2.663812,9058.779472,3358.884279,GROWTH,3404.458809,79.0
CASE_00976,FATIGUE_ZONE,STRENGTHENING,HIGH,STRONG,HOLD,HOLD,True,3,0,0,3,71.131876,5.062009,8382.141496,2875.921241,GROWTH,2857.873146,79.0
CASE_01010,EXHAUSTED_ZONE,TERMINAL,MEDIUM,MODERATE,FAIL,FAIL,True,2,1,1,0,15.943742,-2.603241,5840.308121,2924.969302,BREAKDOWN,1576.351757,17.574175
CASE_01037,ELASTIC_ZONE,STRENGTHENING,HIGH,STRONG,HOLD,HOLD,True,3,0,0,3,65.093458,4.626894,6478.437067,2271.879663,GROWTH,2558.697636,77.566939
CASE_01038,RECOVERED_ZONE,STRENGTHENING,HIGH,STRONG,HOLD,HOLD,True,5,0,0,5,106.098469,3.601872,22316.508459,5410.547566,GROWTH,5101.265445,109.0
CASE_01079,RECOVERED_ZONE,STRENGTHENING,HIGH,STRONG,HOLD,HOLD,True,6,0,0,6,103.453084,2.406662,27029.817865,5469.868803,GROWTH,6720.187451,108.705536
CASE_01080,FATIGUE_ZONE,STRENGTHENING,HIGH,STRONG,HOLD,HOLD,True,6,0,0,6,70.920792,2.959487,8369.266931,1896.983835,GROWTH,1920.352378,79.0
CASE_01081,EXHAUSTED_ZONE,TERMINAL,HIGH,STRONG,FAIL,FAIL,True,6,2,3,0,15.354177,-1.090866,19707.475594,4156.548415,BREAKDOWN,2717.970352,16.174813
CASE_01087,EXHAUSTED_ZONE,TERMINAL,HIGH,STRONG,FAIL,FAIL,True,4,2,2,0,12.469127,-1.916918,14631.251051,4871.891809,BREAKDOWN,5718.057704,13.498301
CASE_01089,FATIGUE_ZONE,STRENGTHENING,HIGH,STRONG,HOLD,HOLD,True,3,0,0,3,72.133461,5.543519,19841.226926,7540.443014,GROWTH,7957.191765,75.415397
CASE_01101,FATIGUE_ZONE,STRENGTHENING,HIGH,STRONG,HOLD,HOLD,True,4,0,0,4,75.673525,5.32285,11762.018261,4122.423822,GROWTH,4173.390802,74.356932
CASE_01102,ELASTIC_ZONE,STRENGTHENING,HIGH,STRONG,HOLD,HOLD,True,5,0,0,5,116.484668,4.386042,13346.483815,4081.349396,GROWTH,3973.228698,122.0
CASE_01103,EXHAUSTED_ZONE,DEGRADING,HIGH,STRONG,FAIL,FAIL,True,6,0,4,0,16.483319,-1.011711,24057.127223,5674.069855,BREAKDOWN,5904.867203,16.417045
CASE_01111,FATIGUE_ZONE,STRENGTHENING,HIGH,STRONG,HOLD,HOLD,True,3,0,0,3,74.181598,8.046244,11517.403779,4326.044613,GROWTH,4344.286739,79.0
CASE_01112,RECOVERED_ZONE,STRENGTHENING,HIGH,STRONG,HOLD,HOLD,True,3,0,0,3,107.336634,5.70297,20277.768037,7000.762971,GROWTH,7383.791965,109.0
CASE_01114,EXHAUSTED_ZONE,TERMINAL,HIGH,STRONG,FAIL,FAIL,True,4,2,2,0,17.991261,-0.426556,16484.507063,4209.417572,BREAKDOWN,1068.539674,17.502042
CASE_01139,EXHAUSTED_ZONE,TERMINAL,HIGH,STRONG,FAIL,FAIL,True,4,2,2,0,16.273334,-1.801038,14434.66124,5563.295325,BREAKDOWN,3556.442549,16.764441
CASE_01146,EXHAUSTED_ZONE,TERMINAL,HIGH,STRONG,FAIL,FAIL,True,4,1,3,0,10.957686,-2.893182,11092.590387,3516.910208,BREAKDOWN,3776.494034,10.191202
CASE_01154,EXHAUSTED_ZONE,DEGRADING,HIGH,STRONG,FAIL,FAIL,True,7,0,6,0,12.277714,-1.291389,17976.934203,3229.321509,BREAKDOWN,1784.562091,17.732767
CASE_01156,FATIGUE_ZONE,STRENGTHENING,HIGH,STRONG,HOLD,HOLD,True,5,0,0,5,71.612738,3.402491,6072.305954,1516.664981,GROWTH,1736.83558,79.0
CASE_01173,EXHAUSTED_ZONE,TERMINAL,HIGH,STRONG,FAIL,FAIL,True,5,2,3,0,16.896061,-0.597737,13394.084558,3453.567314,BREAKDOWN,2930.552126,11.78336
CASE_01174,EXHAUSTED_ZONE,TERMINAL,HIGH,STRONG,FAIL,FAIL,True,5,2,3,0,15.725724,-1.198851,13481.424724,3534.105178,BREAKDOWN,3043.239655,12.899892
CASE_01182,FATIGUE_ZONE,STRENGTHENING,MEDIUM,MODERATE,HOLD,HOLD,True,2,0,0,2,73.29703,15.920792,3734.316145,2796.206731,GROWTH,2788.797595,79.0
CASE_01194,ELASTIC_ZONE,STRENGTHENING,MEDIUM,MODERATE,HOLD,HOLD,True,2,0,0,2,71.871287,3.089109,4871.846559,3033.420127,GROWTH,3244.626048,71.078672
CASE_01196,EXHAUSTED_ZONE,DEGRADING,MEDIUM,MODERATE,FAIL,FAIL,True,2,0,2,0,16.134294,-3.042399,5596.68418,3436.069061,BREAKDOWN,3891.283396,13.205143
CASE_01219,FATIGUE_ZONE,STRENGTHENING,HIGH,STRONG,HOLD,HOLD,True,3,0,0,3,70.012113,5.906056,5346.45728,1963.740496,GROWTH,1716.083619,79.0
CASE_01240,FATIGUE_ZONE,STRENGTHENING,HIGH,STRONG,HOLD,HOLD,True,3,0,0,3,77.09901,4.472897,10577.544621,4179.897339,GROWTH,1506.572347,79.0
CASE_01243,EXHAUSTED_ZONE,TERMINAL,HIGH,STRONG,FAIL,FAIL,True,5,2,2,0,16.15266,-0.727261,18998.447951,5019.944362,BREAKDOWN,2912.815638,17.220224
CASE_01251,EXHAUSTED_ZONE,TERMINAL,HIGH,STRONG,FAIL,FAIL,True,5,3,2,0,13.601582,-1.354644,12055.600192,2854.496522,BREAKDOWN,2069.62695,14.479004
CASE_01261,EXHAUSTED_ZONE,DEGRADING,MEDIUM,MODERATE,FAIL,FAIL,True,2,0,1,0,17.436853,-3.287167,3308.740357,2854.566114,BREAKDOWN,2989.647495,14.300907
CASE_01280,RECOVERED_ZONE,STRENGTHENING,HIGH,STRONG,HOLD,HOLD,True,3,0,0,3,105.635514,9.42056,13624.155534,5569.313387,GROWTH,6135.418414,106.342418
CASE_01281,EXHAUSTED_ZONE,DEGRADING,HIGH,STRONG,FAIL,HOLD,False,3,0,2,0,15.144423,-3.064926,10035.369166,5087.627815,RECLAIM,5411.926942,20.111384
CASE_01297,EXHAUSTED_ZONE,TERMINAL,HIGH,STRONG,FAIL,FAIL,True,5,2,2,0,13.010127,-1.819788,24852.321107,6191.169864,BREAKDOWN,7018.860771,15.122722
CASE_01298,FATIGUE_ZONE,STRENGTHENING,HIGH,STRONG,HOLD,HOLD,True,6,0,0,6,75.859813,3.324033,15996.535622,3633.219902,GROWTH,2066.964347,79.0
CASE_01299,FATIGUE_ZONE,STRENGTHENING,HIGH,STRONG,HOLD,HOLD,True,6,0,0,6,76.386139,3.432801,15303.257421,3698.107879,GROWTH,850.743136,79.0
CASE_01306,EXHAUSTED_ZONE,TERMINAL,HIGH,STRONG,FAIL,FAIL,True,5,2,3,0,19.144363,-0.500486,19202.233959,5153.487497,BREAKDOWN,3765.255499,14.202047
CASE_01307,FATIGUE_ZONE,STRENGTHENING,HIGH,STRONG,HOLD,HOLD,True,4,0,0,4,73.119263,5.761992,8323.626103,2650.560878,GROWTH,2353.013523,79.0
CASE_01308,FATIGUE_ZONE,STRENGTHENING,HIGH,STRONG,HOLD,HOLD,True,3,0,0,3,69.367535,4.098053,6937.551515,2641.335193,GROWTH,2604.892606,78.807592
CASE_01316,FATIGUE_ZONE,STRENGTHENING,HIGH,STRONG,HOLD,HOLD,True,6,0,0,6,77.117647,3.340348,14151.381021,2861.333345,GROWTH,2065.11748,79.0
CASE_01317,FATIGUE_ZONE,STRENGTHENING,HIGH,STRONG,HOLD,HOLD,True,7,0,0,7,75.235294,2.886382,14269.59703,2814.067286,GROWTH,3176.246941,79.0
CASE_01346,EXHAUSTED_ZONE,TERMINAL,HIGH,STRONG,FAIL,FAIL,True,3,1,2,0,18.133603,-1.056094,12372.665258,4658.806326,BREAKDOWN,4182.21165,17.922813
CASE_01402,EXHAUSTED_ZONE,TERMINAL,HIGH,STRONG,FAIL,FAIL,True,5,4,1,0,13.901196,-1.472164,14367.45693,4773.957849,BREAKDOWN,3606.202127,14.994679
CASE_01409,RECOVERED_ZONE,STRENGTHENING,HIGH,STRONG,HOLD,HOLD,True,4,0,0,4,105.235294,5.970059,38458.882917,13635.717933,GROWTH,15191.615576,108.328354
CASE_01438,FATIGUE_ZONE,STRENGTHENING,MEDIUM,MODERATE,HOLD,HOLD,True,2,0,0,2,63.649989,5.120577,6262.975363,3728.411829,GROWTH,3680.79848,79.0
CASE_01455,FATIGUE_ZONE,STRENGTHENING,HIGH,STRONG,HOLD,HOLD,True,3,0,0,3,75.910891,5.940594,13326.476762,5902.993154,GROWTH,3178.880019,79.0
CASE_01457,FATIGUE_ZONE,STRENGTHENING,MEDIUM,MODERATE,HOLD,HOLD,True,2,0,0,2,72.769231,4.157856,6763.357974,3445.277352,GROWTH,3594.671432,79.0
CASE_01467,EXHAUSTED_ZONE,DEGRADING,MEDIUM,MODERATE,FAIL,FAIL,True,2,0,2,0,15.366075,-1.65528,10046.363101,5734.985361,BREAKDOWN,5830.354439,13.620858
CASE_01470,EXHAUSTED_ZONE,TERMINAL,MEDIUM,MODERATE,FAIL,FAIL,True,2,1,1,0,12.780009,-6.779689,8992.260048,5609.388198,BREAKDOWN,3675.085588,17.507382
CASE_01477,ELASTIC_ZONE,STRENGTHENING,HIGH,STRONG,HOLD,HOLD,True,3,0,0,3,73.174757,7.68932,10442.120001,3793.534591,GROWTH,3130.840576,79.0
CASE_01488,EXHAUSTED_ZONE,DEGRADING,MEDIUM,MODERATE,FAIL,FAIL,True,2,0,2,0,14.409678,-1.761804,7692.191746,4027.641867,BREAKDOWN,4810.411967,13.428931
CASE_01503,EXHAUSTED_ZONE,TERMINAL,HIGH,STRONG,FAIL,FAIL,True,5,1,3,0,17.379836,-0.799698,14853.787998,4714.013002,BREAKDOWN,4959.66157,17.767611
CASE_01510,FATIGUE_ZONE,STRENGTHENING,HIGH,STRONG,HOLD,HOLD,True,4,0,0,4,73.657328,2.68923,17657.935956,4578.911453,GROWTH,2025.820683,79.0
CASE_01517,EXHAUSTED_ZONE,TERMINAL,HIGH,STRONG,FAIL,FAIL,True,6,3,2,0,14.130778,-1.211944,16886.181811,4131.768513,BREAKDOWN,3669.898498,16.747324
CASE_01519,FATIGUE_ZONE,STRENGTHENING,HIGH,STRONG,HOLD,HOLD,True,3,0,0,3,75.435644,4.752475,5599.910361,2708.212003,GROWTH,2104.391377,79.0
CASE_01520,EXHAUSTED_ZONE,TERMINAL,HIGH,STRONG,FAIL,FAIL,True,5,1,3,0,16.388382,-1.398117,22670.787831,4965.14723,BREAKDOWN,3565.544764,19.280637
CASE_01533,EXHAUSTED_ZONE,TERMINAL,HIGH,STRONG,FAIL,FAIL,True,3,1,2,0,18.376171,0.207684,12094.699501,4286.262883,BREAKDOWN,4323.776351,19.570165
CASE_01544,RECOVERED_ZONE,STRENGTHENING,HIGH,STRONG,HOLD,HOLD,True,4,0,0,4,103.994517,2.320126,31463.777425,9608.013877,GROWTH,9773.62968,108.38924
CASE_01551,RECOVERED_ZONE,STRENGTHENING,HIGH,STRONG,HOLD,HOLD,True,6,0,0,6,103.603789,3.170216,33549.794545,8662.094029,GROWTH,10111.57974,109.0
CASE_01562,ELASTIC_ZONE,STRENGTHENING,HIGH,STRONG,HOLD,HOLD,True,5,0,0,5,72.580165,4.567778,8778.859881,2340.24449,GROWTH,2821.440909,74.346675
CASE_01582,RECOVERED_ZONE,STRENGTHENING,HIGH,STRONG,HOLD,HOLD,True,4,0,0,4,105.150943,5.015851,18883.626688,6718.47581,GROWTH,4484.655356,104.699717
CASE_01585,FATIGUE_ZONE,STRENGTHENING,HIGH,STRONG,HOLD,HOLD,True,4,0,0,4,71.158416,5.273401,6792.823397,2385.654255,GROWTH,2899.397748,76.624825
CASE_01590,RECOVERED_ZONE,STRENGTHENING,HIGH,STRONG,HOLD,HOLD,True,5,0,0,5,106.359155,3.512831,30402.524444,8542.939799,GROWTH,4356.684523,109.0
CASE_01600,EXHAUSTED_ZONE,TERMINAL,HIGH,STRONG,FAIL,FAIL,True,4,1,3,0,19.352239,-0.02102,12035.957222,3564.89817,BREAKDOWN,2265.105899,19.764026
CASE_01641,EXHAUSTED_ZONE,TERMINAL,HIGH,STRONG,FAIL,FAIL,True,5,1,3,0,14.148891,-1.209357,21667.091131,6004.324607,BREAKDOWN,6755.24419,15.725227
CASE_01643,EXHAUSTED_ZONE,DEGRADING,HIGH,STRONG,FAIL,FAIL,True,5,0,5,0,15.211574,-1.069566,23513.190812,5631.756449,BREAKDOWN,2829.897097,17.424469
CASE_01646,EXHAUSTED_ZONE,TERMINAL,HIGH,STRONG,FAIL,FAIL,True,5,3,2,0,14.180745,-1.447203,16383.513405,4185.965069,BREAKDOWN,4858.111027,12.012513
CASE_01661,RECOVERED_ZONE,STRENGTHENING,HIGH,STRONG,HOLD,HOLD,True,5,0,0,5,104.764706,4.171612,25475.822084,6018.773848,GROWTH,4266.929221,109.0
CASE_01666,EXHAUSTED_ZONE,TERMINAL,HIGH,STRONG,FAIL,FAIL,True,6,3,2,0,16.602206,-0.640721,15954.043196,3832.551316,BREAKDOWN,3484.921234,13.412154
CASE_01669,EXHAUSTED_ZONE,DEGRADING,HIGH,STRONG,FAIL,FAIL,True,5,0,3,0,16.783627,-0.996061,12756.890098,3297.62778,BREAKDOWN,3588.15318,12.047209
CASE_01670,EXHAUSTED_ZONE,TERMINAL,HIGH,STRONG,FAIL,FAIL,True,5,1,4,0,11.4704,-2.017406,13885.283561,3202.908792,BREAKDOWN,2053.296825,15.197091
CASE_01672,EXHAUSTED_ZONE,TERMINAL,HIGH,STRONG,FAIL,FAIL,True,5,2,3,0,12.18852,-1.818121,14063.756536,3376.753517,BREAKDOWN,2966.547181,12.063293
CASE_01690,EXHAUSTED_ZONE,TERMINAL,HIGH,STRONG,FAIL,FAIL,True,6,3,2,0,19.556008,-0.713743,18956.226515,4643.99305,BREAKDOWN,1901.322213,11.464561
CASE_01695,RECOVERED_ZONE,STRENGTHENING,HIGH,STRONG,HOLD,HOLD,True,4,0,0,4,104.100479,4.332085,14963.525111,4859.473341,GROWTH,3808.823663,104.88039
CASE_01696,FATIGUE_ZONE,STRENGTHENING,HIGH,STRONG,HOLD,HOLD,True,5,0,0,5,75.85199,3.75098,6587.404554,1438.711642,GROWTH,1406.763948,79.0
CASE_01697,EXHAUSTED_ZONE,TERMINAL,HIGH,STRONG,FAIL,FAIL,True,7,2,4,0,18.688389,-0.733746,18501.487588,3285.759125,BREAKDOWN,195.084974,18.05379
CASE_01701,FATIGUE_ZONE,STRENGTHENING,HIGH,STRONG,HOLD,HOLD,True,4,0,0,4,73.29703,5.20396,8156.884237,2395.862938,GROWTH,2403.712259,77.940195
CASE_01725,EXHAUSTED_ZONE,TERMINAL,MEDIUM,MODERATE,FAIL,FAIL,True,2,1,1,0,12.226228,-4.680051,16550.996234,8731.32136,BREAKDOWN,8535.590308,17.386885
CASE_01787,RECOVERED_ZONE,STRENGTHENING,HIGH,STRONG,HOLD,HOLD,True,4,0,0,4,101.786182,4.173718,19489.10029,5755.126336,GROWTH,4506.401757,109.0
CASE_01803,EXHAUSTED_ZONE,DEGRADING,HIGH,STRONG,FAIL,FAIL,True,3,0,2,0,15.954224,-2.291878,9833.987302,4293.677635,BREAKDOWN,2744.044302,18.008884
CASE_01804,EXHAUSTED_ZONE,TERMINAL,HIGH,STRONG,FAIL,FAIL,True,6,2,2,0,17.698474,-0.577123,16048.814338,3800.875527,BREAKDOWN,2404.370422,15.353982
CASE_01805,EXHAUSTED_ZONE,TERMINAL,HIGH,STRONG,FAIL,FAIL,True,4,2,1,0,15.961578,-1.351706,13001.90167,3685.190957,BREAKDOWN,4471.219204,7.205063
CASE_01806,EXHAUSTED_ZONE,TERMINAL,HIGH,STRONG,FAIL,FAIL,True,3,2,1,0,16.105293,-1.214076,11119.844681,3779.105188,BREAKDOWN,4585.16477,12.266368
CASE_01807,EXHAUSTED_ZONE,TERMINAL,HIGH,STRONG,FAIL,FAIL,True,5,2,1,0,13.469695,-1.440441,17338.626695,3826.862024,BREAKDOWN,2101.742859,5.771589
CASE_01808,ELASTIC_ZONE,STRENGTHENING,HIGH,STRONG,HOLD,HOLD,True,5,0,0,5,118.308475,4.596362,14331.409579,3156.947267,GROWTH,1733.820406,122.0
CASE_01818,EXHAUSTED_ZONE,DEGRADING,HIGH,STRONG,FAIL,FAIL,True,4,0,2,0,18.778246,-0.598696,13341.319023,4384.750343,BREAKDOWN,4460.082725,18.772572
CASE_01819,ELASTIC_ZONE,STRENGTHENING,HIGH,STRONG,HOLD,HOLD,True,5,0,0,5,118.4,4.133982,34437.72001,8225.766334,GROWTH,6333.832482,121.670888
CASE_01823,FATIGUE_ZONE,STRENGTHENING,HIGH,STRONG,HOLD,HOLD,True,4,0,0,4,74.330248,3.663295,7893.018084,2794.38446,GROWTH,1210.611799,79.0
CASE_01828,FATIGUE_ZONE,STRENGTHENING,HIGH,STRONG,HOLD,HOLD,True,5,0,0,5,75.271845,3.797912,18866.181377,4231.734856,GROWTH,3642.160877,79.0
CASE_01836,EXHAUSTED_ZONE,TERMINAL,HIGH,STRONG,FAIL,FAIL,True,4,2,2,0,14.140591,-1.572478,17134.654675,4771.51639,BREAKDOWN,4143.590015,17.900073
CASE_01856,EXHAUSTED_ZONE,TERMINAL,HIGH,STRONG,FAIL,FAIL,True,4,2,1,0,14.588416,-2.155682,16469.907334,5145.097377,BREAKDOWN,5993.931123,11.923019
CASE_01858,FATIGUE_ZONE,STRENGTHENING,HIGH,STRONG,HOLD,HOLD,True,6,0,0,6,70.294118,2.204491,11651.700927,2284.659031,GROWTH,2336.590815,79.0
CASE_01869,RECOVERED_ZONE,STRENGTHENING,HIGH,STRONG,HOLD,HOLD,True,6,0,0,6,103.0,2.624176,19604.659834,4650.516498,GROWTH,3760.53818,109.0
CASE_01887,RECOVERED_ZONE,STRENGTHENING,HIGH,STRONG,HOLD,HOLD,True,5,0,0,5,108.457143,4.16,23610.371921,7079.602157,GROWTH,7201.580311,116.0
CASE_01889,FATIGUE_ZONE,STRENGTHENING,HIGH,STRONG,HOLD,HOLD,True,4,0,0,4,68.034483,4.137931,10591.416466,3486.73584,GROWTH,4789.072979,79.0
CASE_01904,ELASTIC_ZONE,STRENGTHENING,HIGH,STRONG,HOLD,HOLD,True,5,0,0,5,76.714286,4.754286,13396.24184,3618.769252,GROWTH,3223.884591,78.652458
CASE_01906,EXHAUSTED_ZONE,TERMINAL,HIGH,STRONG,FAIL,FAIL,True,6,4,2,0,14.13468,-0.922995,17400.96227,4343.823404,BREAKDOWN,4186.691126,12.291289
CASE_01907,EXHAUSTED_ZONE,TERMINAL,HIGH,STRONG,FAIL,FAIL,True,7,3,3,0,14.697873,-0.734992,23349.750405,4366.650008,BREAKDOWN,4618.677108,2.8
CASE_01908,RECOVERED_ZONE,STRENGTHENING,HIGH,STRONG,HOLD,HOLD,True,6,0,0,6,103.29703,3.241863,26427.380068,5047.600554,GROWTH,5769.441606,107.460423
CASE_01914,RECOVERED_ZONE,STRENGTHENING,HIGH,STRONG,HOLD,HOLD,True,4,0,0,4,105.673267,5.620177,19553.239112,5810.104182,GROWTH,8139.074038,108.720509
CASE_01923,ELASTIC_ZONE,STRENGTHENING,HIGH,STRONG,HOLD,HOLD,True,3,0,0,3,76.411765,6.235294,8969.829491,3353.700968,GROWTH,966.636911,79.0
CASE_01941,FATIGUE_ZONE,STRENGTHENING,HIGH,STRONG,HOLD,HOLD,True,3,0,0,3,76.203883,4.893203,4413.179843,1488.223785,GROWTH,788.274911,79.0
CASE_01949,EXHAUSTED_ZONE,TERMINAL,HIGH,STRONG,FAIL,FAIL,True,5,3,2,0,19.672213,-0.037321,15106.878557,3590.139753,BREAKDOWN,2964.338992,17.767525
CASE_01950,EXHAUSTED_ZONE,DEGRADING,HIGH,STRONG,FAIL,FAIL,True,5,0,3,0,18.36977,-0.545444,13627.782156,3235.061908,BREAKDOWN,3213.539832,19.723403
CASE_01958,FATIGUE_ZONE,STRENGTHENING,HIGH,STRONG,HOLD,HOLD,True,4,0,0,4,70.207921,3.611192,17689.605168,5156.815052,GROWTH,5187.014021,79.0
CASE_01968,EXHAUSTED_ZONE,DEGRADING,HIGH,STRONG,FAIL,FAIL,True,3,0,2,0,16.765052,-0.850479,11131.283276,5174.102597,BREAKDOWN,4795.266097,17.379383
CASE_01970,FATIGUE_ZONE,STRENGTHENING,HIGH,STRONG,HOLD,HOLD,True,3,0,0,3,60.947833,2.513048,7018.348898,3157.360055,GROWTH,3270.801226,79.0
CASE_01974,EXHAUSTED_ZONE,DEGRADING,HIGH,STRONG,FAIL,FAIL,True,3,0,3,0,18.110591,-1.052917,14923.240521,6365.707529,BREAKDOWN,4131.176188,18.565155
CASE_02017,EXHAUSTED_ZONE,TERMINAL,HIGH,STRONG,FAIL,FAIL,True,4,2,1,0,11.093183,-2.491917,18730.73665,5038.575037,BREAKDOWN,3054.771929,15.065052
CASE_02019,EXHAUSTED_ZONE,DEGRADING,HIGH,STRONG,FAIL,FAIL,True,3,0,3,0,15.694007,-2.262926,12421.402416,4263.87516,BREAKDOWN,4952.647951,12.456486
CASE_02021,RECOVERED_ZONE,STRENGTHENING,HIGH,STRONG,HOLD,HOLD,True,4,0,0,4,103.700219,5.581164,22052.268694,7418.375435,GROWTH,5767.56905,106.964906
CASE_02023,EXHAUSTED_ZONE,TERMINAL,HIGH,STRONG,FAIL,FAIL,True,4,2,2,0,17.35846,-1.013902,15300.180473,4353.90057,BREAKDOWN,3202.736641,15.810669
CASE_02031,FATIGUE_ZONE,STRENGTHENING,HIGH,STRONG,HOLD,HOLD,True,8,0,0,8,75.470588,2.724684,13869.119115,2202.095289,GROWTH,937.354245,79.0
CASE_02032,RECOVERED_ZONE,STRENGTHENING,HIGH,STRONG,HOLD,HOLD,True,6,0,0,6,110.059406,3.487795,28435.187137,6124.304652,GROWTH,2635.267979,116.0
CASE_02033,EXHAUSTED_ZONE,DEGRADING,HIGH,STRONG,FAIL,FAIL,True,5,0,2,0,17.391273,-0.96756,13883.985901,3605.811835,BREAKDOWN,821.268172,19.727171
CASE_02052,ELASTIC_ZONE,STRENGTHENING,HIGH,STRONG,HOLD,HOLD,True,4,0,0,4,119.176471,6.008137,6440.713177,1852.94446,GROWTH,1589.785799,122.0
CASE_02059,FATIGUE_ZONE,STRENGTHENING,HIGH,STRONG,HOLD,HOLD,True,4,0,0,4,73.148112,3.680746,12987.351404,3595.72599,GROWTH,3759.28241,77.863039
CASE_02064,EXHAUSTED_ZONE,DEGRADING,HIGH,STRONG,FAIL,FAIL,True,5,0,2,0,16.346475,-1.024821,14919.28346,3907.532978,BREAKDOWN,4105.134906,11.090992
CASE_02080,FATIGUE_ZONE,STRENGTHENING,MEDIUM,MODERATE,HOLD,HOLD,True,2,0,0,2,61.62069,2.275862,1826.07029,994.12815,GROWTH,1401.815608,76.738517
CASE_02088,EXHAUSTED_ZONE,TERMINAL,HIGH,STRONG,FAIL,FAIL,True,4,1,3,0,17.067561,-1.511081,14767.092644,3990.74789,BREAKDOWN,2083.787112,14.725479
CASE_02099,EXHAUSTED_ZONE,TERMINAL,HIGH,STRONG,FAIL,FAIL,True,5,2,2,0,14.725381,-0.981615,14870.159727,3964.756908,BREAKDOWN,3374.479966,14.295309
CASE_02104,FATIGUE_ZONE,STRENGTHENING,HIGH,STRONG,HOLD,HOLD,True,3,0,0,3,73.059406,7.247525,4150.392768,1462.338056,GROWTH,698.41762,79.0
CASE_02111,ELASTIC_ZONE,STRENGTHENING,MEDIUM,MODERATE,HOLD,HOLD,True,2,0,0,2,58.81467,2.864175,3111.208539,1855.719268,GROWTH,2223.425727,76.623762
CASE_02120,FATIGUE_ZONE,STRENGTHENING,HIGH,STRONG,HOLD,HOLD,True,4,0,0,4,70.561573,4.890679,9210.154734,2436.076603,GROWTH,2043.630203,79.0
CASE_02140,RECOVERED_ZONE,STRENGTHENING,MEDIUM,MODERATE,HOLD,HOLD,True,2,0,0,2,100.487708,11.448104,12265.458449,7516.327041,GROWTH,8615.802893,109.0
CASE_02143,FATIGUE_ZONE,STRENGTHENING,MEDIUM,MODERATE,HOLD,HOLD,True,2,0,0,2,66.643564,7.841584,8802.346728,4868.021979,GROWTH,5597.997298,79.0
CASE_02150,EXHAUSTED_ZONE,DEGRADING,HIGH,STRONG,FAIL,FAIL,True,3,0,1,0,20.105451,-0.527275,8652.465232,4060.181489,BREAKDOWN,4446.967429,14.417536
CASE_02166,FATIGUE_ZONE,STRENGTHENING,HIGH,STRONG,HOLD,HOLD,True,3,0,0,3,74.106796,4.515851,5718.072152,2285.533127,GROWTH,1382.344667,79.0
CASE_02167,EXHAUSTED_ZONE,TERMINAL,HIGH,STRONG,FAIL,FAIL,True,4,1,2,0,17.995245,-0.691501,15756.34947,5290.597854,BREAKDOWN,5609.860731,14.064614
CASE_02170,FATIGUE_ZONE,STRENGTHENING,MEDIUM,MODERATE,HOLD,HOLD,True,2,0,0,2,65.602179,7.543355,3260.689654,1677.330802,GROWTH,1780.365348,79.0
CASE_02173,EXHAUSTED_ZONE,TERMINAL,HIGH,STRONG,FAIL,FAIL,True,3,1,2,0,16.631571,-0.540843,11593.873811,3954.996058,BREAKDOWN,2375.119536,19.04563
CASE_02174,EXHAUSTED_ZONE,TERMINAL,HIGH,STRONG,FAIL,FAIL,True,4,2,2,0,15.113126,-1.181831,14178.152603,4206.035678,BREAKDOWN,3979.706386,17.884581
CASE_02183,EXHAUSTED_ZONE,TERMINAL,HIGH,STRONG,FAIL,FAIL,True,4,3,1,0,15.930869,-1.280436,13528.347343,4458.410877,BREAKDOWN,5456.90458,10.472535
CASE_02197,EXHAUSTED_ZONE,DEGRADING,MEDIUM,MODERATE,FAIL,FAIL,True,2,0,1,0,18.045644,1.781296,6856.198845,3474.804876,BREAKDOWN,3932.117979,18.619805
CASE_02217,EXHAUSTED_ZONE,TERMINAL,HIGH,STRONG,FAIL,FAIL,True,4,1,3,0,16.580046,-1.253077,19451.154632,6255.064926,BREAKDOWN,5433.96346,11.004689
CASE_02227,FATIGUE_ZONE,STRENGTHENING,HIGH,STRONG,HOLD,HOLD,True,3,0,0,3,74.384158,8.198019,5147.942441,2530.311577,GROWTH,2397.839761,80.8
CASE_02232,FATIGUE_ZONE,STRENGTHENING,MEDIUM,MODERATE,HOLD,HOLD,True,2,0,0,2,75.603774,3.622642,3394.162605,1791.51742,GROWTH,1061.088338,79.0
CASE_02233,RECOVERED_ZONE,STRENGTHENING,HIGH,STRONG,HOLD,HOLD,True,4,0,0,4,103.352941,5.280705,19548.060725,5454.421387,GROWTH,5263.26184,105.125686
CASE_02257,FATIGUE_ZONE,STRENGTHENING,HIGH,STRONG,HOLD,HOLD,True,3,0,0,3,73.380612,2.68608,10721.207919,3856.150507,GROWTH,2830.137497,79.0
CASE_02258,FATIGUE_ZONE,STRENGTHENING,HIGH,STRONG,HOLD,HOLD,True,3,0,0,3,70.950219,2.336839,12163.78018,4632.432957,GROWTH,4347.859986,79.0
CASE_02263,EXHAUSTED_ZONE,TERMINAL,HIGH,STRONG,FAIL,FAIL,True,4,2,2,0,13.810955,-2.174871,14509.994751,4828.420237,BREAKDOWN,3678.755071,9.620945
CASE_02290,ELASTIC_ZONE,STRENGTHENING,HIGH,STRONG,HOLD,HOLD,True,3,0,0,3,117.584158,8.792079,18470.999909,11076.306281,GROWTH,7275.917913,124.0
CASE_02299,FATIGUE_ZONE,STRENGTHENING,HIGH,STRONG,HOLD,HOLD,True,3,0,0,3,74.979711,3.737578,8395.442447,3082.96316,GROWTH,2560.01106,79.0
CASE_02302,EXHAUSTED_ZONE,DEGRADING,HIGH,STRONG,FAIL,FAIL,True,3,0,3,0,14.354663,-1.927154,18247.075961,6612.910667,BREAKDOWN,6039.065919,15.334409
CASE_02303,FATIGUE_ZONE,STRENGTHENING,MEDIUM,MODERATE,HOLD,HOLD,True,2,0,0,2,64.367229,4.082825,9442.227748,4909.072457,GROWTH,5400.871494,78.968954
CASE_02305,EXHAUSTED_ZONE,TERMINAL,MEDIUM,MODERATE,FAIL,FAIL,True,2,1,1,0,14.354469,-5.404148,13724.535017,7140.028129,BREAKDOWN,7171.45572,10.88416
CASE_02321,ELASTIC_ZONE,STRENGTHENING,HIGH,STRONG,HOLD,HOLD,True,3,0,0,3,72.821782,5.227722,6750.37919,2268.176634,GROWTH,2417.994552,78.156224
CASE_02327,EXHAUSTED_ZONE,TERMINAL,MEDIUM,MODERATE,FAIL,FAIL,True,2,1,1,0,18.469455,-1.148804,10322.21613,5357.866481,BREAKDOWN,4699.370882,12.627213
CASE_02350,ELASTIC_ZONE,STRENGTHENING,MEDIUM,MODERATE,HOLD,HOLD,True,2,0,0,2,71.31068,13.514563,4522.459671,2473.332244,GROWTH,2792.193569,77.411651
CASE_02351,RECOVERED_ZONE,STRENGTHENING,HIGH,STRONG,HOLD,HOLD,True,3,0,0,3,98.356292,5.674616,14879.511065,5520.549073,GROWTH,6934.79866,109.36
CASE_02352,FATIGUE_ZONE,STRENGTHENING,HIGH,STRONG,HOLD,HOLD,True,3,0,0,3,76.735849,8.943396,6093.676677,2341.490222,GROWTH,288.575916,79.0
CASE_02366,ELASTIC_ZONE,STRENGTHENING,MEDIUM,MODERATE,HOLD,HOLD,True,2,0,0,2,76.565545,7.366337,4571.313917,2286.666881,GROWTH,2535.701043,85.12
CASE_02372,ELASTIC_ZONE,STRENGTHENING,MEDIUM,MODERATE,HOLD,HOLD,True,2,0,0,2,66.464615,2.076923,5512.340143,3270.093385,GROWTH,3779.128846,86.08
CASE_02375,FATIGUE_ZONE,STRENGTHENING,HIGH,STRONG,HOLD,HOLD,True,4,0,0,4,77.486154,4.153846,11603.676063,3080.055504,GROWTH,3488.147453,84.64
CASE_02397,EXHAUSTED_ZONE,DEGRADING,HIGH,STRONG,FAIL,FAIL,True,4,0,3,0,16.112036,-0.75678,18596.916853,5380.648245,BREAKDOWN,6811.256681,12.293393
CASE_02398,ELASTIC_ZONE,STRENGTHENING,HIGH,STRONG,HOLD,HOLD,True,5,0,0,5,81.341176,4.258824,17882.166189,4725.171104,GROWTH,2782.841682,84.4
CASE_02403,RECOVERED_ZONE,STRENGTHENING,HIGH,STRONG,HOLD,HOLD,True,4,0,0,4,111.686154,4.061538,44929.027535,15934.251979,GROWTH,10274.32821,118.84
CASE_02414,EXHAUSTED_ZONE,DEGRADING,MEDIUM,MODERATE,FAIL,FAIL,True,2,0,2,0,18.498792,-2.883535,10162.948661,5129.863538,BREAKDOWN,5767.227457,19.37992
CASE_02415,EXHAUSTED_ZONE,DEGRADING,MEDIUM,MODERATE,FAIL,FAIL,True,2,0,2,0,18.821866,-2.724182,10226.320354,5161.851014,BREAKDOWN,5803.189566,21.029083
CASE_02417,RECOVERED_ZONE,STRENGTHENING,MEDIUM,MODERATE,HOLD,HOLD,True,2,0,0,2,106.331089,5.227723,11025.15125,7342.328132,GROWTH,10106.977917,123.44
CASE_02423,EXHAUSTED_ZONE,TERMINAL,HIGH,STRONG,FAIL,FAIL,True,4,2,2,0,20.46092,-0.618753,17139.8901,4983.998162,BREAKDOWN,5791.60489,16.748652
CASE_02424,RECOVERED_ZONE,STRENGTHENING,HIGH,STRONG,HOLD,HOLD,True,4,0,0,4,114.908276,4.494118,38762.699414,11296.989813,GROWTH,13849.038547,119.849452
CASE_02429,EXHAUSTED_ZONE,TERMINAL,HIGH,STRONG,FAIL,FAIL,True,4,1,2,0,19.583558,-1.305405,13692.041081,5330.299211,BREAKDOWN,2307.702013,21.974959
CASE_02452,EXHAUSTED_ZONE,DEGRADING,HIGH,STRONG,FAIL,FAIL,True,5,0,4,0,17.723189,-1.39703,29145.006537,6664.387774,BREAKDOWN,6122.511734,17.046779
CASE_02454,ELASTIC_ZONE,STRENGTHENING,HIGH,STRONG,HOLD,HOLD,True,3,0,0,3,82.117647,6.117647,12214.835723,4388.331168,GROWTH,3940.515686,88.0
CASE_02470,FATIGUE_ZONE,STRENGTHENING,HIGH,STRONG,HOLD,HOLD,True,4,0,0,4,78.179022,4.107692,7981.66685,2066.13899,GROWTH,1922.171611,82.794407
CASE_02472,EXHAUSTED_ZONE,TERMINAL,HIGH,STRONG,FAIL,FAIL,True,4,2,2,0,13.664167,-1.916894,15208.528985,4633.015552,BREAKDOWN,4621.800711,19.456576
CASE_02474,EXHAUSTED_ZONE,TERMINAL,HIGH,STRONG,FAIL,FAIL,True,3,1,2,0,15.240675,-2.351791,13500.358659,4910.663564,BREAKDOWN,4781.253787,16.317065
CASE_02481,FATIGUE_ZONE,STRENGTHENING,HIGH,STRONG,HOLD,HOLD,True,4,0,0,4,68.358365,2.292284,9390.3015,3006.523989,GROWTH,2839.765233,79.0
CASE_02483,EXHAUSTED_ZONE,DEGRADING,HIGH,STRONG,FAIL,FAIL,True,3,0,3,0,16.275121,-1.757017,16221.916249,5806.75174,BREAKDOWN,5303.828403,18.313465
CASE_02485,EXHAUSTED_ZONE,DEGRADING,MEDIUM,MODERATE,FAIL,FAIL,True,2,0,2,0,18.752921,-1.692818,11109.54208,7447.63214,BREAKDOWN,9496.841262,19.497834
CASE_02486,EXHAUSTED_ZONE,DEGRADING,HIGH,STRONG,FAIL,FAIL,True,3,0,2,0,19.693368,-0.541699,7845.726879,3688.141956,BREAKDOWN,10249.88261,18.217346
CASE_02524,ELASTIC_ZONE,STRENGTHENING,HIGH,STRONG,HOLD,HOLD,True,3,0,0,3,65.930693,4.514851,10697.440977,5252.106076,GROWTH,6247.058591,78.256676
CASE_02526,EXHAUSTED_ZONE,TERMINAL,MEDIUM,MODERATE,FAIL,FAIL,True,2,1,1,0,13.704863,-6.348289,10760.236132,7283.032361,BREAKDOWN,6465.630763,18.24565
CASE_02536,EXHAUSTED_ZONE,DEGRADING,HIGH,STRONG,FAIL,FAIL,True,3,0,3,0,15.263449,-2.334862,9081.356805,3164.152476,BREAKDOWN,3459.633277,11.224128
CASE_02539,FATIGUE_ZONE,STRENGTHENING,HIGH,STRONG,HOLD,HOLD,True,4,0,0,4,69.759144,4.816817,5841.33684,2650.741781,GROWTH,2364.779303,79.0
CASE_02559,RECOVERED_ZONE,STRENGTHENING,HIGH,STRONG,HOLD,HOLD,True,5,0,0,5,111.722772,4.579303,22167.272463,5785.442272,GROWTH,2864.401461,116.0
CASE_02560,EXHAUSTED_ZONE,TERMINAL,HIGH,STRONG,FAIL,FAIL,True,5,1,3,0,16.738828,-0.342412,18392.705013,5037.371175,BREAKDOWN,3917.554934,17.427534
CASE_02561,RECOVERED_ZONE,STRENGTHENING,HIGH,STRONG,HOLD,HOLD,True,5,0,0,5,108.145455,3.090606,25019.50015,7010.605363,GROWTH,5324.537488,116.0
CASE_02572,EXHAUSTED_ZONE,TERMINAL,HIGH,STRONG,FAIL,FAIL,True,3,2,1,0,16.465354,-1.528296,11278.406945,4285.261245,BREAKDOWN,4879.329917,7.947658
CASE_02574,FATIGUE_ZONE,STRENGTHENING,MEDIUM,MODERATE,HOLD,HOLD,True,2,0,0,2,62.366337,2.348725,4375.295074,2214.191558,GROWTH,3676.997905,79.0
CASE_02576,FATIGUE_ZONE,STRENGTHENING,MEDIUM,MODERATE,HOLD,HOLD,True,2,0,0,2,58.302752,2.004467,3048.819251,1695.898327,GROWTH,3369.566198,79.0
CASE_02598,EXHAUSTED_ZONE,TERMINAL,HIGH,STRONG,FAIL,FAIL,True,4,2,2,0,18.109475,-0.689819,15307.178204,4804.849445,BREAKDOWN,4733.831291,14.383982
CASE_02621,FATIGUE_ZONE,STRENGTHENING,HIGH,STRONG,HOLD,HOLD,True,3,0,0,3,62.341751,3.270845,5919.344371,2566.620092,GROWTH,2573.830971,79.0
CASE_02650,EXHAUSTED_ZONE,DEGRADING,HIGH,STRONG,FAIL,FAIL,True,4,0,4,0,15.607603,-1.753067,13428.950263,4034.996744,BREAKDOWN,4659.588523,11.799298
CASE_02660,ELASTIC_ZONE,STRENGTHENING,MEDIUM,MODERATE,HOLD,HOLD,True,2,0,0,2,66.168317,3.412955,6982.861102,4848.266563,GROWTH,4792.790221,79.0
CASE_02662,FATIGUE_ZONE,STRENGTHENING,MEDIUM,MODERATE,HOLD,HOLD,True,2,0,0,2,63.0,3.294118,4538.555787,3732.223841,GROWTH,3845.610991,79.0
CASE_02663,RECOVERED_ZONE,STRENGTHENING,HIGH,STRONG,HOLD,HOLD,True,4,0,0,4,105.076923,6.046154,20441.86862,7097.608094,GROWTH,4661.84979,109.0
CASE_02672,FATIGUE_ZONE,STRENGTHENING,MEDIUM,MODERATE,HOLD,HOLD,True,2,0,0,2,72.614679,1.541285,3890.376676,2217.542889,GROWTH,1612.966693,79.0
CASE_02678,EXHAUSTED_ZONE,DEGRADING,HIGH,STRONG,FAIL,FAIL,True,3,0,2,0,17.731368,-0.879875,11984.618748,4034.056705,BREAKDOWN,1908.928348,17.501073
CASE_02679,EXHAUSTED_ZONE,DEGRADING,HIGH,STRONG,FAIL,FAIL,True,4,0,4,0,17.095802,-1.325294,13132.032214,3963.014802,BREAKDOWN,2481.937161,15.460175
CASE_02681,FATIGUE_ZONE,STRENGTHENING,HIGH,STRONG,HOLD,HOLD,True,3,0,0,3,67.279246,4.295314,8671.82713,2975.176598,GROWTH,2382.025117,79.0
CASE_02687,EXHAUSTED_ZONE,TERMINAL,HIGH,STRONG,FAIL,FAIL,True,4,3,1,0,17.565557,0.039857,11141.455234,4239.271701,BREAKDOWN,659.520498,18.463248
CASE_02698,EXHAUSTED_ZONE,DEGRADING,HIGH,STRONG,FAIL,FAIL,True,3,0,3,0,14.189264,-2.52423,14358.333974,4991.184684,BREAKDOWN,4318.182501,18.759954
CASE_02721,EXHAUSTED_ZONE,TERMINAL,HIGH,STRONG,FAIL,FAIL,True,5,1,3,0,18.247345,-0.419704,21444.411056,4994.08726,BREAKDOWN,4949.079619,19.340465
CASE_02727,EXHAUSTED_ZONE,TERMINAL,HIGH,STRONG,FAIL,FAIL,True,3,1,2,0,13.572046,-2.981474,14090.790544,4945.27689,BREAKDOWN,1813.882826,16.680871
CASE_02729,EXHAUSTED_ZONE,TERMINAL,HIGH,STRONG,FAIL,FAIL,True,3,1,2,0,14.420292,-3.020609,14291.581611,5089.294435,BREAKDOWN,2409.689865,14.895137
CASE_02737,EXHAUSTED_ZONE,TERMINAL,MEDIUM,MODERATE,FAIL,FAIL,True,2,1,1,0,19.264622,1.2487,6976.604548,3748.203761,BREAKDOWN,3238.960139,19.566557
CASE_02780,FATIGUE_ZONE,STRENGTHENING,MEDIUM,MODERATE,HOLD,HOLD,True,2,0,0,2,74.485149,11.210241,4977.357934,2533.518001,GROWTH,1372.732859,79.0
CASE_02794,EXHAUSTED_ZONE,TERMINAL,HIGH,STRONG,FAIL,FAIL,True,4,1,3,0,15.909658,-1.269359,8202.861622,2370.561675,BREAKDOWN,2437.347635,12.93853
CASE_02809,RECOVERED_ZONE,STRENGTHENING,HIGH,STRONG,HOLD,HOLD,True,5,0,0,5,104.810633,4.692241,16687.92492,4067.011657,GROWTH,4198.464824,109.0
CASE_02827,RECOVERED_ZONE,STRENGTHENING,HIGH,STRONG,HOLD,HOLD,True,4,0,0,4,106.623762,5.910462,16300.111384,4536.479052,GROWTH,2660.48527,109.0
CASE_02828,EXHAUSTED_ZONE,DEGRADING,HIGH,STRONG,FAIL,FAIL,True,4,0,3,0,16.821595,-1.345402,12900.028193,3360.747694,BREAKDOWN,2647.599583,18.155237
CASE_02867,FATIGUE_ZONE,STRENGTHENING,HIGH,STRONG,HOLD,HOLD,True,3,0,0,3,64.400927,4.469694,7923.871988,3695.133745,GROWTH,4306.814011,78.538462
CASE_02869,EXHAUSTED_ZONE,TERMINAL,HIGH,STRONG,FAIL,FAIL,True,4,2,2,0,13.093509,-2.317656,14222.729272,4813.093173,BREAKDOWN,4043.974304,8.054452
CASE_02871,EXHAUSTED_ZONE,TERMINAL,HIGH,STRONG,FAIL,FAIL,True,3,2,1,0,13.738601,-3.391735,10831.1791,4811.484096,BREAKDOWN,4042.62266,17.650306
CASE_02872,EXHAUSTED_ZONE,DEGRADING,HIGH,STRONG,FAIL,FAIL,True,5,0,3,0,18.021314,-0.57325,15493.084439,4157.617422,BREAKDOWN,3833.545552,16.995622
CASE_02876,FATIGUE_ZONE,STRENGTHENING,MEDIUM,MODERATE,HOLD,HOLD,True,2,0,0,2,72.076923,4.14733,4276.802751,2345.90608,GROWTH,1640.036535,79.0
CASE_02889,FATIGUE_ZONE,STRENGTHENING,HIGH,STRONG,HOLD,HOLD,True,4,0,0,4,68.714286,3.499949,11233.912242,4289.686305,GROWTH,4351.713661,79.0
CASE_02900,RECOVERED_ZONE,STRENGTHENING,HIGH,STRONG,HOLD,HOLD,True,4,0,0,4,103.407767,5.204236,24011.954067,8045.94258,GROWTH,8080.549897,109.0
CASE_02914,RECOVERED_ZONE,STRENGTHENING,MEDIUM,MODERATE,HOLD,HOLD,True,2,0,0,2,101.0,8.076923,4150.355025,3052.981531,GROWTH,3377.427045,116.0
CASE_02936,EXHAUSTED_ZONE,TERMINAL,MEDIUM,MODERATE,FAIL,FAIL,True,2,1,0,0,15.239147,-5.486644,6495.292334,4954.375072,BREAKDOWN,4950.69229,10.589159
CASE_02938,FATIGUE_ZONE,STRENGTHENING,MEDIUM,MODERATE,HOLD,HOLD,True,2,0,0,2,66.031781,5.546067,7459.456224,3844.018415,GROWTH,4048.664228,79.0
CASE_02941,FATIGUE_ZONE,STRENGTHENING,HIGH,STRONG,HOLD,HOLD,True,4,0,0,4,71.633663,4.361496,14678.565859,4487.953669,GROWTH,4254.436782,79.0
CASE_02954,RECOVERED_ZONE,STRENGTHENING,MEDIUM,MODERATE,HOLD,HOLD,True,2,0,0,2,110.873786,12.990379,11281.208003,5724.489952,GROWTH,4848.213526,116.0
CASE_02960,EXHAUSTED_ZONE,TERMINAL,HIGH,STRONG,FAIL,FAIL,True,5,3,2,0,12.767458,-1.040359,22551.620385,5961.787624,BREAKDOWN,5308.646679,14.207065
CASE_02977,RECOVERED_ZONE,STRENGTHENING,HIGH,STRONG,HOLD,HOLD,True,3,0,0,3,103.485714,2.75273,22396.368352,8094.401178,GROWTH,8643.917541,116.0
CASE_02989,RECOVERED_ZONE,STRENGTHENING,HIGH,STRONG,HOLD,HOLD,True,4,0,0,4,102.884287,4.966251,15052.121054,6346.726934,GROWTH,5753.467957,109.0
CASE_03008,FATIGUE_ZONE,STRENGTHENING,HIGH,STRONG,HOLD,HOLD,True,3,0,0,3,74.615385,5.192308,14341.797848,5164.649296,GROWTH,5139.295604,75.634344
CASE_03034,FATIGUE_ZONE,STRENGTHENING,HIGH,STRONG,HOLD,HOLD,True,3,0,0,3,74.722772,4.752475,8525.793258,3051.210579,GROWTH,2966.900715,79.0
CASE_03040,EXHAUSTED_ZONE,DEGRADING,MEDIUM,MODERATE,FAIL,FAIL,True,2,0,2,0,19.059436,-1.19201,6307.658373,3381.201986,BREAKDOWN,3596.934472,18.911729
CASE_03044,EXHAUSTED_ZONE,TERMINAL,HIGH,STRONG,FAIL,FAIL,True,3,1,2,0,17.111498,-1.234295,10543.06157,4014.300901,BREAKDOWN,4617.673612,13.293693
CASE_03047,EXHAUSTED_ZONE,TERMINAL,HIGH,STRONG,FAIL,FAIL,True,4,2,2,0,13.401703,-2.749751,21033.873816,6787.521409,BREAKDOWN,4149.125003,17.780093
CASE_03050,FATIGUE_ZONE,STRENGTHENING,HIGH,STRONG,HOLD,HOLD,True,3,0,0,3,72.192744,5.419901,8514.39152,3730.078182,GROWTH,3610.126847,79.0
CASE_03099,EXHAUSTED_ZONE,TERMINAL,HIGH,STRONG,FAIL,FAIL,True,6,3,2,0,15.738271,-0.959208,17995.934806,4484.003398,BREAKDOWN,2456.393032,17.695299
CASE_03116,ELASTIC_ZONE,STRENGTHENING,HIGH,STRONG,HOLD,HOLD,True,3,0,0,3,76.882353,5.577621,6803.62174,2608.08319,GROWTH,905.372686,79.0
CASE_03119,EXHAUSTED_ZONE,TERMINAL,HIGH,STRONG,FAIL,FAIL,True,5,2,3,0,17.501222,-0.946833,11765.779675,2829.985866,BREAKDOWN,2466.633854,15.647434
CASE_03141,EXHAUSTED_ZONE,TERMINAL,MEDIUM,MODERATE,FAIL,FAIL,True,2,1,1,0,15.970231,-1.466703,5939.41023,3029.585937,BREAKDOWN,3215.050569,13.19549
CASE_03142,RECOVERED_ZONE,STRENGTHENING,HIGH,STRONG,HOLD,HOLD,True,3,0,0,3,100.529412,5.806959,11359.575561,4058.263126,GROWTH,4377.518157,106.295968
CASE_03154,EXHAUSTED_ZONE,TERMINAL,HIGH,STRONG,FAIL,FAIL,True,4,1,1,1,24.935146,0.033813,13178.704891,5092.452064,BREAKDOWN,2773.018392,30.67458
CASE_03155,FATIGUE_ZONE,STRENGTHENING,HIGH,STRONG,HOLD,HOLD,True,4,0,0,4,71.833946,5.265759,9534.036768,3759.91332,GROWTH,2102.660187,79.0
CASE_03157,RECOVERED_ZONE,STRENGTHENING,HIGH,STRONG,HOLD,HOLD,True,4,0,0,4,98.89957,3.622591,20653.353017,6756.467218,GROWTH,7133.201377,109.0
CASE_03169,FATIGUE_ZONE,STRENGTHENING,MEDIUM,MODERATE,HOLD,HOLD,True,2,0,0,2,73.350624,4.137032,7509.819148,3901.443432,GROWTH,2125.034077,79.0
CASE_03171,EXHAUSTED_ZONE,TERMINAL,MEDIUM,MODERATE,FAIL,FAIL,True,2,1,1,0,14.768436,-3.800171,9605.488567,5058.011822,BREAKDOWN,4648.902746,12.733381
CASE_03174,EXHAUSTED_ZONE,TERMINAL,HIGH,STRONG,FAIL,FAIL,True,4,1,2,0,15.133487,-1.521601,11852.949204,4042.122618,BREAKDOWN,293.993595,16.056285
CASE_03189,EXHAUSTED_ZONE,DEGRADING,HIGH,STRONG,FAIL,FAIL,True,4,0,4,0,14.095885,-1.621137,20960.37878,5729.964688,BREAKDOWN,5136.28885,19.386805
CASE_03199,EXHAUSTED_ZONE,TERMINAL,HIGH,STRONG,FAIL,FAIL,True,3,1,1,1,27.352498,0.96884,9561.712273,3997.401646,BREAKDOWN,3568.366822,26.922713
CASE_03219,RECOVERED_ZONE,STRENGTHENING,HIGH,STRONG,HOLD,HOLD,True,3,0,0,3,105.19802,8.346023,20986.263065,7235.159671,GROWTH,7520.106109,107.12969
CASE_03221,RECOVERED_ZONE,STRENGTHENING,MEDIUM,MODERATE,HOLD,HOLD,True,2,0,0,2,111.650297,10.217822,14569.640778,8165.826364,GROWTH,8248.102989,120.68
CASE_03223,FATIGUE_ZONE,STRENGTHENING,MEDIUM,MODERATE,HOLD,HOLD,True,2,0,0,2,68.301538,9.923076,4761.757263,2626.943091,GROWTH,2707.238306,79.84
CASE_03228,EXHAUSTED_ZONE,DEGRADING,HIGH,STRONG,FAIL,FAIL,True,4,0,3,0,17.378351,-0.878534,14980.448241,5013.203865,BREAKDOWN,4551.083899,19.000508
CASE_03261,EXHAUSTED_ZONE,DEGRADING,MEDIUM,MODERATE,FAIL,FAIL,True,2,0,2,0,18.103557,-2.156533,7628.473621,5250.61301,BREAKDOWN,5299.981931,16.765486
CASE_03272,FATIGUE_ZONE,STRENGTHENING,MEDIUM,MODERATE,HOLD,HOLD,True,2,0,0,2,73.608052,9.528829,6888.206259,3456.317018,GROWTH,3634.560864,82.72
CASE_03276,FATIGUE_ZONE,STRENGTHENING,HIGH,STRONG,HOLD,HOLD,True,3,0,0,3,72.108911,7.009901,6686.509152,2617.123869,GROWTH,2150.027964,79.0
CASE_03278,FATIGUE_ZONE,STRENGTHENING,HIGH,STRONG,HOLD,HOLD,True,3,0,0,3,73.189322,7.009901,9182.187942,3729.659323,GROWTH,3285.893256,81.981401
CASE_03294,EXHAUSTED_ZONE,DEGRADING,HIGH,STRONG,FAIL,FAIL,True,4,0,3,0,18.448023,-0.517294,14729.421543,4004.079674,BREAKDOWN,4182.928806,15.053571
CASE_03296,RECOVERED_ZONE,STRENGTHENING,HIGH,STRONG,HOLD,HOLD,True,3,0,0,3,103.048713,2.970297,21862.17397,8141.959292,GROWTH,9316.51694,119.92
CASE_03304,EXHAUSTED_ZONE,DEGRADING,HIGH,STRONG,FAIL,FAIL,True,7,0,6,0,19.572339,-0.810266,21355.302771,4072.593816,BREAKDOWN,4149.012848,18.709269
CASE_03313,EXHAUSTED_ZONE,STABLE,HIGH,STRONG,HOLD,FAIL,False,4,0,2,0,23.986002,-0.005578,12231.083946,4483.775927,BREAKDOWN,5327.150342,23.929478
CASE_03317,ELASTIC_ZONE,STRENGTHENING,HIGH,STRONG,HOLD,HOLD,True,5,0,0,5,79.062857,3.291429,13210.072903,3096.374916,GROWTH,3110.457134,87.52
CASE_03318,ELASTIC_ZONE,STRENGTHENING,MEDIUM,MODERATE,HOLD,HOLD,True,2,0,0,2,113.747573,9.320389,17741.422708,10033.123098,GROWTH,9867.615367,124.0
CASE_03328,EXHAUSTED_ZONE,TERMINAL,HIGH,STRONG,FAIL,FAIL,True,3,1,2,0,15.568517,-3.49993,9665.27955,3870.186723,BREAKDOWN,3519.305408,19.308842
CASE_03363,EXHAUSTED_ZONE,TERMINAL,MEDIUM,MODERATE,FAIL,FAIL,True,2,1,1,0,16.170733,-1.908086,6561.699497,3310.725713,BREAKDOWN,3565.494963,19.079135
CASE_03378,FATIGUE_ZONE,STRENGTHENING,HIGH,STRONG,HOLD,HOLD,True,4,0,0,4,81.870769,4.823077,11931.751947,3165.426755,GROWTH,1058.644994,84.64
CASE_03384,FATIGUE_ZONE,STRENGTHENING,HIGH,STRONG,HOLD,HOLD,True,5,0,0,5,82.976634,4.324753,11653.62709,3160.743212,GROWTH,1688.263584,84.64
CASE_03388,EXHAUSTED_ZONE,TERMINAL,HIGH,STRONG,FAIL,FAIL,True,4,3,1,0,15.655267,-1.65719,14174.334581,4051.753786,BREAKDOWN,4029.117921,13.189418
CASE_03409,EXHAUSTED_ZONE,TERMINAL,HIGH,STRONG,FAIL,FAIL,True,5,4,1,0,14.193096,-1.028261,17776.296095,4873.768544,BREAKDOWN,5262.105359,12.005131
CASE_03416,ELASTIC_ZONE,STRENGTHENING,MEDIUM,MODERATE,HOLD,HOLD,True,2,0,0,2,77.454118,8.0,10692.107657,6067.759356,GROWTH,5695.807497,90.16
CASE_03442,EXHAUSTED_ZONE,TERMINAL,MEDIUM,MODERATE,FAIL,FAIL,True,2,2,0,0,15.266741,-0.587867,5954.873704,3003.555662,BREAKDOWN,2851.794074,14.303108
CASE_03447,FATIGUE_ZONE,STRENGTHENING,HIGH,STRONG,HOLD,HOLD,True,3,0,0,3,70.466342,3.219527,5995.070819,2208.800294,GROWTH,2145.087009,79.0
CASE_03460,EXHAUSTED_ZONE,TERMINAL,HIGH,STRONG,FAIL,FAIL,True,4,2,2,0,19.152169,-0.691749,10565.175643,3452.309114,BREAKDOWN,1508.466299,20.346851
CASE_03461,EXHAUSTED_ZONE,TERMINAL,MEDIUM,MODERATE,FAIL,FAIL,True,2,2,0,0,19.597432,-0.253525,7998.057045,5000.56804,BREAKDOWN,4290.669411,14.154712
CASE_03462,EXHAUSTED_ZONE,TERMINAL,MEDIUM,MODERATE,FAIL,FAIL,True,2,2,0,0,19.725542,-0.262542,8250.392978,5206.438847,BREAKDOWN,4672.687145,16.348122
CASE_03478,FATIGUE_ZONE,STRENGTHENING,HIGH,STRONG,HOLD,HOLD,True,3,0,0,3,67.461538,5.423076,8001.32842,2988.546697,GROWTH,3109.226688,79.0
CASE_03483,RECOVERED_ZONE,STRENGTHENING,HIGH,STRONG,HOLD,HOLD,True,3,0,0,3,113.085545,7.485148,13048.167706,5303.561131,GROWTH,4936.750604,121.64
CASE_03493,FATIGUE_ZONE,STRENGTHENING,HIGH,STRONG,HOLD,HOLD,True,3,0,0,3,74.294118,6.117647,5639.971743,2428.357226,GROWTH,1458.340225,79.0
CASE_03495,ELASTIC_ZONE,STRENGTHENING,HIGH,STRONG,HOLD,HOLD,True,4,0,0,4,70.060583,4.124272,5103.900684,1460.960204,GROWTH,2341.538151,80.08
CASE_03497,FATIGUE_ZONE,STRENGTHENING,HIGH,STRONG,HOLD,HOLD,True,4,0,0,4,69.95963,4.233101,5968.165353,1696.515057,GROWTH,678.489564,79.0
CASE_03506,EXHAUSTED_ZONE,TERMINAL,HIGH,STRONG,FAIL,FAIL,True,5,3,1,0,15.735833,-1.151573,11905.018378,3285.450789,BREAKDOWN,1795.920213,19.902458
CASE_03511,EXHAUSTED_ZONE,TERMINAL,HIGH,STRONG,FAIL,FAIL,True,5,3,1,0,14.495938,-1.490822,10188.823757,2945.318409,BREAKDOWN,2464.028543,17.798419
CASE_03532,EXHAUSTED_ZONE,DEGRADING,HIGH,STRONG,FAIL,FAIL,True,3,0,3,0,15.362242,-2.577461,8700.666503,2963.590803,BREAKDOWN,2502.149057,19.906578
CASE_03544,EXHAUSTED_ZONE,DEGRADING,HIGH,STRONG,FAIL,FAIL,True,3,0,3,0,19.178776,-0.644888,9456.265566,4653.821199,BREAKDOWN,5477.297309,5.40428
CASE_03553,RECOVERED_ZONE,STRENGTHENING,HIGH,STRONG,HOLD,HOLD,True,3,0,0,3,113.669903,8.092501,8449.929354,3229.399845,GROWTH,3926.329895,116.0
CASE_03590,EXHAUSTED_ZONE,TERMINAL,HIGH,STRONG,FAIL,FAIL,True,3,1,2,0,12.872271,-2.378218,8648.462133,3121.173876,BREAKDOWN,958.399601,20.363149
CASE_03596,EXHAUSTED_ZONE,TERMINAL,MEDIUM,MODERATE,FAIL,FAIL,True,2,1,1,0,18.148587,-0.613337,4224.561645,2627.164142,BREAKDOWN,2959.127072,18.86705
CASE_03597,EXHAUSTED_ZONE,DEGRADING,MEDIUM,MODERATE,FAIL,FAIL,True,2,0,2,0,16.570817,-0.841089,5627.315002,2829.334889,BREAKDOWN,3172.924026,17.552015
CASE_03616,ELASTIC_ZONE,STRENGTHENING,HIGH,STRONG,HOLD,HOLD,True,3,0,0,3,80.419623,7.018868,10166.777287,3632.269703,GROWTH,3211.681144,86.08
CASE_03617,FATIGUE_ZONE,STRENGTHENING,HIGH,STRONG,HOLD,HOLD,True,3,0,0,3,67.258993,5.179856,7367.219504,3302.610649,GROWTH,3040.168758,79.0
CASE_03620,ELASTIC_ZONE,STRENGTHENING,HIGH,STRONG,HOLD,HOLD,True,4,0,0,4,71.825322,5.588773,14311.071824,5310.973211,GROWTH,5749.406184,77.05794
CASE_03641,EXHAUSTED_ZONE,DEGRADING,HIGH,STRONG,FAIL,FAIL,True,3,0,3,0,18.828763,-0.925319,9668.984568,4924.465622,BREAKDOWN,5470.79165,17.017654
CASE_03643,RECOVERED_ZONE,STRENGTHENING,HIGH,STRONG,HOLD,HOLD,True,3,0,0,3,101.941176,3.661399,12930.000507,5565.367055,GROWTH,5048.931143,109.0
CASE_03692,RECOVERED_ZONE,STRENGTHENING,MEDIUM,MODERATE,HOLD,HOLD,True,2,0,0,2,105.19802,8.079208,11601.248936,5890.647738,GROWTH,5653.714546,109.0
CASE_03699,FATIGUE_ZONE,STRENGTHENING,HIGH,STRONG,HOLD,HOLD,True,3,0,0,3,69.522623,5.524972,8291.203795,2842.272374,GROWTH,2500.691774,79.0
CASE_03702,EXHAUSTED_ZONE,STABLE,MEDIUM,MODERATE,HOLD,FAIL,False,2,0,2,0,25.472034,0.222666,6360.389176,3385.041218,BREAKDOWN,4729.751798,29.538011
CASE_03747,FATIGUE_ZONE,STRENGTHENING,MEDIUM,MODERATE,HOLD,HOLD,True,2,0,0,2,64.99814,7.331967,4499.589689,2250.766416,GROWTH,2237.908689,79.0
CASE_03752,EXHAUSTED_ZONE,TERMINAL,HIGH,STRONG,FAIL,FAIL,True,5,1,3,0,18.486742,-0.535572,17176.255402,4810.337351,BREAKDOWN,5868.161414,11.408196
CASE_03759,FATIGUE_ZONE,STRENGTHENING,HIGH,STRONG,HOLD,HOLD,True,3,0,0,3,76.461538,9.807692,5363.879065,2042.537953,GROWTH,660.357985,78.678337
CASE_03763,EXHAUSTED_ZONE,TERMINAL,HIGH,STRONG,FAIL,FAIL,True,5,2,2,0,18.384561,-0.876831,11195.457437,3237.83924,BREAKDOWN,3969.892066,12.602041
CASE_03769,FATIGUE_ZONE,STRENGTHENING,HIGH,STRONG,HOLD,HOLD,True,4,0,0,4,73.407767,5.593614,11889.663265,3446.358784,GROWTH,2617.892373,75.737864
CASE_03781,EXHAUSTED_ZONE,DEGRADING,HIGH,STRONG,FAIL,FAIL,True,3,0,3,0,19.961056,-1.47659,17609.413829,6350.66603,BREAKDOWN,7444.976533,17.250336
CASE_03812,ELASTIC_ZONE,STRENGTHENING,MEDIUM,MODERATE,HOLD,HOLD,True,2,0,0,2,113.176471,5.176471,10076.136959,5140.816852,GROWTH,5380.898905,124.0
CASE_03821,EXHAUSTED_ZONE,TERMINAL,HIGH,STRONG,FAIL,FAIL,True,4,1,2,0,15.497414,-1.345791,18145.536485,4904.446263,BREAKDOWN,4781.952865,11.128634
CASE_03822,EXHAUSTED_ZONE,DEGRADING,HIGH,STRONG,FAIL,FAIL,True,4,0,2,0,17.915907,-0.929577,17203.947088,6060.804218,BREAKDOWN,5822.022268,17.876046
CASE_03825,EXHAUSTED_ZONE,DEGRADING,HIGH,STRONG,FAIL,FAIL,True,3,0,2,0,18.906969,-0.713135,10712.954679,7142.659717,BREAKDOWN,7956.131218,18.635098
CASE_03830,ELASTIC_ZONE,STRENGTHENING,HIGH,STRONG,HOLD,HOLD,True,3,0,0,3,84.004327,2.0,9575.52064,5052.555662,GROWTH,867.322492,86.121974
CASE_03839,ELASTIC_ZONE,STRENGTHENING,HIGH,STRONG,HOLD,HOLD,True,3,0,0,3,82.598835,9.553398,6760.780041,2598.610619,GROWTH,2212.108863,86.56
CASE_03842,FATIGUE_ZONE,STRENGTHENING,HIGH,STRONG,HOLD,HOLD,True,5,0,0,5,76.793663,3.30297,13748.320325,3461.706943,GROWTH,3064.087675,84.16
